REGION	POS	REF	ALT	REF_DP	REF_RV	REF_QUAL	ALT_DP	ALT_RV	ALT_QUAL	ALT_FREQ	TOTAL_DP	PVAL	PASS	GFF_FEATURE	REF_CODON	REF_AA	ALT_CODON	ALT_AA
NC_045512.2	12	A	T	12	8	36	3	1	37	0.2	15	0.124521	FALSE	NA	NA	NA	NA	NA
NC_045512.2	10897	A	T	92	44	38	10	3	36	0.0980392	102	0.000548757	TRUE	cds-YP_009724389.1	ATA	I	ATT	I
NC_045512.2	10897	A	T	92	44	38	10	3	36	0.0980392	102	0.000548757	TRUE	cds-YP_009725295.1	ATA	I	ATT	I
NC_045512.2	11074	C	-T	117	54	36	9	0	20	0.0743802	121	0.0116704	FALSE	NA	NA	NA	NA	NA
NC_045512.2	22422	A	G	81	43	36	8	0	33	0.0898876	89	0.00347047	TRUE	cds-YP_009724390.1	GAT	D	GGT	G
NC_045512.2	26834	G	T	19300	8984	45	638	147	46	0.0319912	19943	1.04211e-222	TRUE	cds-YP_009724393.1	GCG	A	GCT	A
